<?xml version="1.0" encoding="UTF-8"?>
<!DOCTYPE mapper
PUBLIC "-//mybatis.org//DTD Mapper 3.0//EN"
"http://mybatis.org/dtd/mybatis-3-mapper.dtd">

<mapper namespace="Alimento">
    
    <select id="getAlimentoByID" resultType="pojos.Alimento" 
            parameterType="int">
        SELECT
        idAlimento,
        nombre,
        calorias_por_porcion,
        porcion
        FROM alimentos
        WHERE idAlimento = #{id}
    </select>
    
    <select id="getAllAlimentos" resultType="pojos.Alimento">
        SELECT
        idAlimento,
        nombre,
        calorias_por_porcion,
        porcion
        FROM alimentos
    </select>
    
    <insert id="registrarAlimento" parameterType="pojos.Alimento">
        INSERT INTO alimentos (nombre, calorias_por_porcion, porcion)
        VALUES (#{nombre}, #{calorias_por_porcion}, #{porcion})
    </insert>
    
    <update id="actualizarAlimento" parameterType="pojos.Alimento">
        UPDATE alimentos SET nombre = #{nombre}, calorias_por_porcion = #{calorias_por_porcion}, porcion = #{porcion}
        WHERE idAlimento = #{idAlimento}
    </update>
    
    <delete id="eliminarAlimento" parameterType="int">
        DELETE FROM alimentos WHERE idAlimento = #{idAlimento}
    </delete>
</mapper>