<?xml version="1.0" encoding="UTF-8"?>
<!DOCTYPE configuration PUBLIC "-//mybatis.org//DTD Config 3.0//EN"
"http://mybatis.org/dtd/mybatis-3-config.dtd">

<configuration>
    
    <environments default="development">
        
        <environment id="development">
            <transactionManager type="JDBC"/>
            <dataSource type="POOLED" >
                <property name="driver" value="com.mysql.cj.jdbc.Driver"/>
                <property name="url" value="jdbc:mysql://localhost:3306/fitnutrition?serverTimezone=UTC"/>   
                <property name="username" value="root"/>    
                <property name="password" value="090699Omar18"/>
                <property name="poolMaximumActiveConnections" value="50"/>
            </dataSource>
        </environment>
        
    </environments>
    <mappers>
        <mapper resource="mybatis/mappers/AlimentoMapper.xml"/>
        <mapper resource="mybatis/mappers/MedicoMapper.xml"/>
        <mapper resource="mybatis/mappers/PacienteMapper.xml"/>
        <mapper resource="mybatis/mappers/CitaMapper.xml"/>
        <mapper resource="mybatis/mappers/SesionMapper.xml"/>
        <mapper resource="mybatis/mappers/ConsultaMapper.xml"/>
        <mapper resource="mybatis/mappers/DietaMapper.xml"/>
    </mappers>
</configuration>

<!-- <property name="driver" value="com.mysql.jdbc.Driver"/>
     <property name="url" value="jdbc:mysql://localhost:3306/prueba"/> -->